airport,arr_flights,arr_del15,arr_delay,delay_rate,avg_delay_per_flight,avg_delay_if_delayed,iata_code,name,type,municipality,latitude_deg,longitude_deg,dominant_cause
ABE,24187.0,4765.0,355134.0,0.19700665646835078,14.682846157026502,74.52969569779643,ABE,Lehigh Valley International Airport,medium_airport,Allentown/Bethlehem,40.651773,-75.442797,late_aircraft_delay
ABI,9027.0,1566.0,94893.0,0.17347956131605186,10.51213027583915,60.59578544061303,ABI,Abilene Regional Airport,medium_airport,Abilene,32.4113006592,-99.6819000244,late_aircraft_delay
ABQ,112597.0,23701.0,1348314.0,0.21049406289688002,11.974688490812365,56.8884857179022,ABQ,Albuquerque International Sunport,large_airport,Albuquerque,35.039976,-106.608925,late_aircraft_delay
ABR,3611.0,426.0,40314.0,0.11797286070340626,11.164220437551924,94.63380281690141,ABR,Aberdeen Regional Airport,medium_airport,Aberdeen,45.449100494384766,-98.42179870605467,carrier_delay
ABY,4530.0,671.0,57017.0,0.14812362030905077,12.58653421633554,84.97317436661699,ABY,Southwest Georgia Regional Airport,medium_airport,Albany,31.532946,-84.196215,carrier_delay
ACK,9809.0,1847.0,142844.0,0.18829646243245998,14.562544601896217,77.3383865728208,ACK,Nantucket Memorial Airport,medium_airport,Nantucket,41.25310135,-70.06020355,late_aircraft_delay
ACT,6475.0,1030.0,65453.0,0.15907335907335907,10.108571428571429,63.546601941747575,ACT,Waco Regional Airport,medium_airport,Waco,31.611299514770508,-97.23049926757812,carrier_delay
ACV,8909.0,1554.0,127913.0,0.1744303513301156,14.357728140083061,82.31209781209782,ACV,California Redwood Coast-Humboldt County Airport,medium_airport,Arcata/Eureka,40.978101,-124.109,carrier_delay
ACY,14977.0,3123.0,217041.0,0.20851973025305467,14.491620484743272,69.49759846301633,ACY,Atlantic City International Airport,medium_airport,Atlantic City,39.456201,-74.577511,nas_delay
ADK,513.0,70.0,3793.0,0.1364522417153996,7.393762183235867,54.18571428571428,ADK,Adak Airport,medium_airport,Adak,51.883564,-176.642783,carrier_delay
ADQ,4273.0,593.0,32489.0,0.1387783758483501,7.603323192136672,54.78752107925801,ADQ,Kodiak Airport,medium_airport,Kodiak,57.75,-152.4940033,late_aircraft_delay
AEX,11113.0,1688.0,120829.0,0.15189417798974175,10.872761630522811,71.58116113744076,AEX,Alexandria International Airport,medium_airport,Alexandria,31.325828,-92.546702,carrier_delay
AGS,24189.0,4085.0,314137.0,0.16887841580883872,12.986770846252428,76.9001223990208,AGS,Augusta Regional At Bush Field,medium_airport,Augusta,33.3699,-81.9645,late_aircraft_delay
AKN,2414.0,386.0,18273.0,0.15990057995028997,7.569594034797017,47.33937823834197,AKN,King Salmon Airport,medium_airport,King Salmon,58.677845,-156.651965,late_aircraft_delay
ALB,72709.0,16125.0,1122743.0,0.2217744708357975,15.441595950982684,69.62747286821705,ALB,Albany International Airport,large_airport,Albany,42.748299,-73.801697,late_aircraft_delay
ALO,3229.0,531.0,39788.0,0.16444719727469806,12.322081139671726,74.93032015065913,ALO,Waterloo Regional Airport,medium_airport,Waterloo,42.557098388671875,-92.40029907226562,late_aircraft_delay
ALS,886.0,114.0,15229.0,0.12866817155756208,17.18848758465011,133.58771929824562,ALS,San Luis Valley Regional Airport/Bergman Field,medium_airport,Alamosa,37.434898,-105.866997,carrier_delay
ALW,3244.0,417.0,19435.0,0.12854500616522813,5.991060419235512,46.60671462829736,ALW,Walla Walla Regional Airport,medium_airport,Walla Walla,46.09489822,-118.288002,late_aircraft_delay
AMA,27245.0,5658.0,388076.0,0.2076711323178565,14.24393466691136,68.5889006716154,AMA,Rick Husband Amarillo International Airport,medium_airport,Amarillo,35.217857,-101.706444,late_aircraft_delay
ANC,104909.0,21468.0,1087955.0,0.20463449275086026,10.370463925878619,50.67798583938886,ANC,Ted Stevens Anchorage International Airport,large_airport,Anchorage,61.179004,-149.992561,late_aircraft_delay
APN,2907.0,484.0,39601.0,0.16649466804265567,13.62263501891985,81.8202479338843,APN,Alpena County Regional Airport,medium_airport,Alpena,45.0780983,-83.56030273,carrier_delay
ART,3327.0,429.0,44955.0,0.12894499549143373,13.512173128944996,104.79020979020979,ART,Watertown International Airport,medium_airport,Watertown,43.991901,-76.021698,late_aircraft_delay
ASE,33726.0,9235.0,794742.0,0.2738243491668149,23.564668208503825,86.05760693015701,ASE,Aspen-Pitkin County Airport (Sardy Field),medium_airport,Aspen,39.223202,-106.869003,carrier_delay
ATL,1630591.0,258588.0,19418687.0,0.15858544539985808,11.908986986926825,75.09508175166674,ATL,Hartsfield Jackson Atlanta International Airport,large_airport,Atlanta,33.6367,-84.428101,carrier_delay
ATW,34923.0,7661.0,587067.0,0.2193683245998339,16.810325573404345,76.63059652786842,ATW,Appleton International Airport,medium_airport,Appleton,44.258515,-88.519,carrier_delay
ATY,858.0,109.0,10322.0,0.12703962703962704,12.030303030303031,94.69724770642202,ATY,Watertown Regional Airport,medium_airport,Watertown,44.91400146,-97.15470123,carrier_delay
AUS,411052.0,90209.0,5510159.0,0.2194588519214114,13.405016883508656,61.08214258000864,AUS,Austin Bergstrom International Airport,large_airport,Austin,30.197535,-97.662015,late_aircraft_delay
AVL,58140.0,12152.0,881696.0,0.20901272789817682,15.165049879600963,72.55562870309414,AVL,Asheville Regional Airport,medium_airport,Asheville,35.435488,-82.541853,late_aircraft_delay
AVP,14573.0,3085.0,231468.0,0.21169285665271392,15.883345913675976,75.03014586709887,AVP,Wilkes-Barre/Scranton International Airport,medium_airport,Wilkes-Barre/Scranton,41.337064,-75.724232,late_aircraft_delay
AZA,29045.0,7353.0,545917.0,0.2531588913754519,18.79555861594078,74.24411804705562,AZA,Mesa Gateway Airport,medium_airport,Mesa,33.3078,-111.654999,late_aircraft_delay
AZO,9141.0,1530.0,130759.0,0.16737774860518542,14.304671261349961,85.46339869281046,AZO,Kalamazoo/Battle Creek International Airport,medium_airport,Kalamazoo,42.232105,-85.549637,carrier_delay
BDL,113220.0,25992.0,1722384.0,0.22957074721780604,15.212718600953895,66.26592797783934,BDL,Bradley International Airport,large_airport,Hartford,41.938555,-72.688016,late_aircraft_delay
BET,3766.0,622.0,31124.0,0.1651619755708975,8.264471587891663,50.038585209003216,BET,Bethel Airport,medium_airport,Bethel,60.77980042,-161.8379974,late_aircraft_delay
BFF,3151.0,558.0,48782.0,0.17708663916217074,15.481434465249126,87.42293906810036,BFF,Western Neb. Rgnl/William B. Heilig Airport,medium_airport,Scottsbluff,41.87400055,-103.5960007,carrier_delay
BFL,13181.0,2606.0,205785.0,0.19770882330627418,15.612244897959183,78.96584804297774,BFL,Meadows Field,medium_airport,Bakersfield,35.433601,-119.056999,carrier_delay
BGM,2087.0,289.0,21994.0,0.13847628174413032,10.538572113080978,76.1038062283737,BGM,Greater Binghamton/Edwin A Link field,medium_airport,Binghamton,42.20869827,-75.97979736,carrier_delay
BGR,26151.0,4781.0,343937.0,0.18282283660280677,13.151963596038392,71.93829742731646,BGR,Bangor International Airport,medium_airport,Bangor,44.806364,-68.826668,late_aircraft_delay
BHM,85654.0,18651.0,1197549.0,0.21774814953183738,13.981238471057978,64.20829982306579,BHM,Birmingham-Shuttlesworth International Airport,large_airport,Birmingham,33.562877,-86.750712,late_aircraft_delay
BIH,1153.0,289.0,23534.0,0.25065047701647875,20.411101474414572,81.4325259515571,BIH,Eastern Sierra Regional Airport,medium_airport,Bishop,37.3731,-118.363998,carrier_delay
BIL,25254.0,4334.0,260488.0,0.17161637760354795,10.314722420210659,60.10336871250577,BIL,Billings Logan International Airport,medium_airport,Billings,45.808932,-108.541242,carrier_delay
BIS,19647.0,3484.0,246089.0,0.17732987224512647,12.525525525525525,70.63404133180252,BIS,Bismarck Municipal Airport,medium_airport,Bismarck,46.772734,-100.746874,carrier_delay
BJI,3587.0,481.0,51792.0,0.13409534429885697,14.438806802341789,107.67567567567568,BJI,Bemidji Regional Airport,medium_airport,Bemidji,47.50939941,-94.93370056,carrier_delay
BKG,118.0,31.0,1462.0,0.2627118644067797,12.389830508474576,47.16129032258065,BKG,Branson Airport,medium_airport,Branson,36.532082,-93.200544,nas_delay
BLI,13793.0,2224.0,123596.0,0.16124120930906982,8.960777205829043,55.57374100719424,BLI,Bellingham International Airport,medium_airport,Bellingham,48.79280090332031,-122.53800201416016,late_aircraft_delay
BLV,5797.0,1325.0,95111.0,0.2285664999137485,16.406934621355873,71.78188679245282,BLV,Scott AFB/Midamerica Airport,medium_airport,Belleville,38.5452,-89.835197,carrier_delay
BMI,12677.0,2230.0,179342.0,0.1759091267650075,14.14703794273093,80.42242152466368,BMI,Central Illinois Regional Airport at Bloomington-Normal,medium_airport,Bloomington/Normal,40.4771,-88.915901,carrier_delay
BNA,460257.0,92112.0,5696831.0,0.20013166556945358,12.377499961977765,61.84678434948758,BNA,Nashville International Airport,large_airport,Nashville,36.1245,-86.6782,late_aircraft_delay
BOI,129891.0,22612.0,1282865.0,0.17408442463296148,9.876473350732537,56.7338139041217,BOI,Boise Air Terminal/Gowen Field,large_airport,Boise,43.5644,-116.223,carrier_delay
BOS,648405.0,145326.0,10910763.0,0.22412843824461565,16.827080297036574,75.07784567111185,BOS,Boston Logan International Airport,large_airport,Boston,42.36197,-71.0079,late_aircraft_delay
BPT,3889.0,540.0,52223.0,0.13885317562355362,13.428387760349704,96.70925925925926,BPT,Jack Brooks Regional Airport,medium_airport,Beaumont/Port Arthur,29.9508,-94.020699,carrier_delay
BQK,4409.0,661.0,56940.0,0.1499206169199365,12.914493082331594,86.14220877458396,BQK,Brunswick Golden Isles Airport,medium_airport,Brunswick,31.258801,-81.466499,carrier_delay
BRD,3231.0,391.0,33708.0,0.1210151655834107,10.432683379758588,86.20971867007673,BRD,Brainerd Lakes Regional Airport,medium_airport,Brainerd,46.402861,-94.129727,carrier_delay
BRO,13768.0,2285.0,165263.0,0.16596455549099362,12.003413712957583,72.32516411378556,BRO,Brownsville South Padre Island International Airport,medium_airport,Brownsville,25.907238,-97.425235,carrier_delay
BRW,1904.0,459.0,22375.0,0.24107142857142858,11.7515756302521,48.74727668845316,BRW,Wiley Post Will Rogers Memorial Airport,medium_airport,Utqiaġvik,71.285402,-156.766008,carrier_delay
BTM,3313.0,378.0,31220.0,0.11409598551162088,9.423483247811651,82.5925925925926,BTM,Bert Mooney Airport,medium_airport,Butte,45.95479965209961,-112.49700164794922,carrier_delay
BTR,30340.0,5609.0,415369.0,0.18487145682267633,13.690474620962426,74.05402032447851,BTR,Baton Rouge Metropolitan Airport,medium_airport,Baton Rouge,30.533199,-91.149597,late_aircraft_delay
BTV,42980.0,8244.0,580575.0,0.191810144253141,13.508026989297347,70.42394468704512,BTV,Patrick Leahy Burlington International Airport,medium_airport,Burlington,44.471901,-73.153297,late_aircraft_delay
BUF,110021.0,24915.0,1663586.0,0.22645676734441605,15.120622426627644,66.77045956251254,BUF,Buffalo Niagara International Airport,large_airport,Buffalo,42.940498,-78.732201,late_aircraft_delay
BUR,140103.0,27492.0,1479979.0,0.19622706151902528,10.563506848532866,53.83307871380765,BUR,Hollywood Burbank/Bob Hope Airport,large_airport,Burbank,34.202834,-118.35805,late_aircraft_delay
BWI,445595.0,86912.0,5045688.0,0.19504707189263792,11.323484329940866,58.05513622974963,BWI,Baltimore/Washington International Thurgood Marshall Airport,large_airport,Baltimore,39.1754,-76.668297,late_aircraft_delay
BZN,54614.0,10408.0,601796.0,0.19057384553411214,11.019079356941443,57.82052267486549,BZN,Bozeman Yellowstone International Airport,medium_airport,Bozeman,45.778853,-111.153711,carrier_delay
CAE,46138.0,8545.0,625427.0,0.18520525380380598,13.555572413195197,73.19215915740199,CAE,Columbia Metropolitan Airport,medium_airport,Columbia,33.938172,-81.123022,late_aircraft_delay
CAK,18023.0,3983.0,304061.0,0.22099539477334518,16.87072074571381,76.33969369821743,CAK,Akron Canton Regional Airport,medium_airport,Akron,40.91609954833984,-81.44219970703125,late_aircraft_delay
CDB,130.0,35.0,1336.0,0.2692307692307692,10.276923076923078,38.17142857142857,CDB,Cold Bay Airport,medium_airport,Cold Bay,55.207871,-162.725029,security_delay
CDC,3070.0,293.0,18585.0,0.09543973941368078,6.0537459283387625,63.430034129692835,CDC,Cedar City Regional Airport,medium_airport,Cedar City,37.70100021362305,-113.0989990234375,carrier_delay
CDV,3559.0,611.0,29778.0,0.17167743748243888,8.36695701039618,48.736497545008184,CDV,Merle K (Mudhole) Smith Airport,medium_airport,Cordova,60.491798,-145.477997,late_aircraft_delay
CGI,1141.0,141.0,17327.0,0.12357581069237511,15.185801928133216,122.88652482269504,CGI,Cape Girardeau Regional Airport,medium_airport,Cape Girardeau,37.2253,-89.570801,carrier_delay
CHA,38913.0,7042.0,488577.0,0.18096779996402232,12.555624084496184,69.38043169554103,CHA,Chattanooga Metropolitan Airport (Lovell Field),medium_airport,Chattanooga,35.035301,-85.203796,late_aircraft_delay
CHO,29959.0,4734.0,354898.0,0.15801595513868955,11.846123034814246,74.96789184621885,CHO,Charlottesville Albemarle Airport,medium_airport,Charlottesville,38.13859939575195,-78.4529037475586,late_aircraft_delay
CHS,125692.0,26800.0,1704114.0,0.21321961620469082,13.557855710785093,63.58634328358209,CHS,Charleston International Airport,large_airport,Charleston,32.896159,-80.038151,late_aircraft_delay
CID,42373.0,8655.0,632175.0,0.2042574280792014,14.919288225992966,73.0415944540728,CID,The Eastern Iowa Airport,medium_airport,Cedar Rapids,41.884701,-91.7108,late_aircraft_delay
CIU,3705.0,596.0,57393.0,0.16086369770580297,15.490688259109312,96.29697986577182,CIU,Chippewa County International Airport,medium_airport,Kincheloe,46.242038,-84.462082,carrier_delay
CKB,2492.0,558.0,48371.0,0.22391653290529695,19.410513643659712,86.68637992831542,CKB,North Central West Virginia Airport,medium_airport,Bridgeport,39.2966,-80.228104,carrier_delay
CLD,580.0,73.0,3874.0,0.12586206896551724,6.679310344827586,53.06849315068493,CLD,McClellan-Palomar Airport,medium_airport,Carlsbad,33.1283,-117.279999,late_aircraft_delay
CLE,203035.0,42868.0,2868437.0,0.2111360110325806,14.127795700248726,66.91324531118784,CLE,Cleveland Hopkins International Airport,large_airport,Cleveland,41.411701,-81.8498,late_aircraft_delay
CLL,6711.0,1062.0,76545.0,0.15824765310683953,11.405900759946357,72.07627118644068,CLL,Easterwood Field,medium_airport,College Station,30.5886,-96.3638,carrier_delay
CLT,1141947.0,200166.0,16784902.0,0.1752848424664192,14.698494763767496,83.85491042434779,CLT,Charlotte Douglas International Airport,large_airport,Charlotte,35.2140007019043,-80.94309997558594,late_aircraft_delay
CMH,201948.0,41148.0,2614782.0,0.20375542218788995,12.947798443163586,63.54578594342374,CMH,John Glenn Columbus International Airport,large_airport,Columbus,39.998001,-82.891899,late_aircraft_delay
CMI,7909.0,1395.0,90079.0,0.17638133771652548,11.3894297635605,64.57275985663082,CMI,University of Illinois Willard Airport,medium_airport,Savoy,40.039819,-88.276249,late_aircraft_delay
CMX,3591.0,836.0,80828.0,0.2328042328042328,22.508493455861878,96.6842105263158,CMX,Houghton County Memorial Airport,medium_airport,Hancock,47.168399810791016,-88.48909759521484,carrier_delay
CNY,2032.0,272.0,16402.0,0.13385826771653545,8.071850393700787,60.3014705882353,CNY,Canyonlands Regional Airport,medium_airport,Moab,38.755001,-109.754997,carrier_delay
COD,4642.0,1138.0,102005.0,0.24515295131408876,21.97436449806118,89.63532513181019,COD,Yellowstone Regional Airport,medium_airport,Cody,44.520199,-109.024002,carrier_delay
COS,61769.0,14129.0,886278.0,0.22873933526526252,14.348265311078373,62.727581569820934,COS,City of Colorado Springs Municipal Airport,large_airport,Colorado Springs,38.805801,-104.700996,carrier_delay
COU,9556.0,2046.0,147656.0,0.2141063206362495,15.451653411469234,72.1681329423265,COU,Columbia Regional Airport,medium_airport,Columbia,38.8181,-92.219597,late_aircraft_delay
CPR,10418.0,2070.0,168238.0,0.19869456709541178,16.148780956037626,81.2743961352657,CPR,Casper-Natrona County International Airport,medium_airport,Casper,42.907381,-106.461609,carrier_delay
CRP,26814.0,4961.0,335767.0,0.18501529051987767,12.522078018945328,67.68131425115904,CRP,Corpus Christi International Airport,medium_airport,Corpus Christi,27.770399,-97.501198,late_aircraft_delay
CRW,17211.0,3526.0,278257.0,0.20486897914124688,16.167392946371507,78.91576857629042,CRW,Yeager Airport,medium_airport,Charleston,38.3731,-81.593201,carrier_delay
CSG,6322.0,925.0,69915.0,0.146314457450174,11.059000316355585,75.58378378378379,CSG,Columbus Airport,medium_airport,Columbus,32.516415,-84.939602,carrier_delay
CVG,199690.0,42129.0,2984822.0,0.21097200661024587,14.947278281336072,70.8495810486838,CVG,Cincinnati Northern Kentucky International Airport,large_airport,Cincinnati / Covington,39.048801,-84.667801,late_aircraft_delay
CWA,9399.0,1612.0,138521.0,0.1715076071922545,14.737844451537397,85.93114143920596,CWA,Central Wisconsin Airport,medium_airport,Mosinee,44.777448,-89.670238,late_aircraft_delay
CYS,2576.0,439.0,55208.0,0.1704192546583851,21.43167701863354,125.75854214123007,CYS,Cheyenne Regional Jerry Olson Field,medium_airport,Cheyenne,41.155701,-104.811997,carrier_delay
DAB,14592.0,2513.0,152122.0,0.17221765350877194,10.425027412280702,60.53402307998408,DAB,Daytona Beach International Airport,medium_airport,Daytona Beach,29.18255,-81.059464,carrier_delay
DAL,337477.0,72309.0,4001410.0,0.21426349054898555,11.856837651158449,55.33764814891646,DAL,Dallas Love Field,large_airport,Dallas,32.844776,-96.847653,late_aircraft_delay
DAY,50311.0,10056.0,798634.0,0.19987676651229352,15.873944067897677,79.4186555290374,DAY,James M. Cox Dayton International Airport,medium_airport,Dayton,39.902401,-84.219398,late_aircraft_delay
DBQ,1024.0,148.0,10464.0,0.14453125,10.21875,70.70270270270271,DBQ,Dubuque Regional Airport,medium_airport,Dubuque,42.402,-90.709503,late_aircraft_delay
DCA,654836.0,136488.0,10262914.0,0.2084308132112468,15.672495098009273,75.19279350565617,DCA,Ronald Reagan Washington National Airport,large_airport,Washington,38.8521,-77.037697,late_aircraft_delay
DDC,3062.0,487.0,43607.0,0.15904637491835402,14.241345525800131,89.54209445585215,DDC,Dodge City Regional Airport,medium_airport,Dodge City,37.76340103149414,-99.9655990600586,carrier_delay
DEC,4009.0,706.0,64847.0,0.17610376652531803,16.175355450236967,91.85127478753542,DEC,Decatur Airport,medium_airport,Decatur,39.834598541259766,-88.8656997680664,carrier_delay
DEN,1451433.0,293685.0,20802584.0,0.20234141017876817,14.332445245491868,70.83298091492586,DEN,Denver International Airport,large_airport,Denver,39.860027,-104.673792,late_aircraft_delay
DFW,1453822.0,310796.0,27385622.0,0.21377857812029258,18.836984170001553,88.11446093257314,DFW,Dallas Fort Worth International Airport,large_airport,Dallas-Fort Worth,32.896801,-97.038002,late_aircraft_delay
DHN,4431.0,636.0,47831.0,0.14353419092755584,10.794628751974724,75.20597484276729,DHN,Dothan Regional Airport,medium_airport,Dothan,31.321300506591797,-85.44960021972656,carrier_delay
DIK,3113.0,711.0,77508.0,0.2283970446514616,24.89816896884035,109.0126582278481,DIK,Dickinson Theodore Roosevelt Regional Airport,medium_airport,Dickinson,46.797533,-102.801905,carrier_delay
DLG,2281.0,338.0,17676.0,0.14818062253397632,7.7492327926348095,52.29585798816568,DLG,Dillingham Airport,medium_airport,Dillingham,59.04470062,-158.5050049,late_aircraft_delay
DLH,11344.0,1978.0,146791.0,0.17436530324400565,12.9399682651622,74.21183013144591,DLH,Duluth International Airport,medium_airport,Duluth,46.841873,-92.198746,carrier_delay
DRO,19896.0,3790.0,265881.0,0.19049055086449537,13.36354041013269,70.1532981530343,DRO,Durango La Plata County Airport,medium_airport,Durango,37.151501,-107.753998,carrier_delay
DRT,1538.0,180.0,14170.0,0.11703511053315994,9.213263979193759,78.72222222222223,DRT,Del Rio International Airport,medium_airport,Del Rio,29.3742008209,-100.927001953,carrier_delay
DSM,77615.0,16439.0,1118589.0,0.21180184242736586,14.412020872254075,68.04483241073058,DSM,Des Moines International Airport,large_airport,Des Moines,41.534027,-93.656719,late_aircraft_delay
DTW,648684.0,104948.0,8280277.0,0.16178601599546158,12.76473136380734,78.89885467088463,DTW,Detroit Metropolitan Wayne County Airport,large_airport,Detroit,42.21377,-83.353786,carrier_delay
DVL,3281.0,437.0,49586.0,0.1331911002743066,15.113075281926243,113.46910755148741,DVL,Devils Lake Regional Airport,medium_airport,Devils Lake,48.115454,-98.908796,carrier_delay
EAR,2210.0,406.0,31229.0,0.18371040723981902,14.13076923076923,76.91871921182266,EAR,Kearney Regional Airport,medium_airport,Kearney,40.727001,-99.006798,carrier_delay
EAT,3227.0,396.0,16750.0,0.12271459559962813,5.190579485590332,42.2979797979798,EAT,Pangborn Memorial Airport,medium_airport,Wenatchee,47.398899,-120.207001,late_aircraft_delay
EAU,1818.0,362.0,35876.0,0.19911991199119913,19.733773377337734,99.10497237569061,EAU,Chippewa Valley Regional Airport,medium_airport,Eau Claire,44.86579895019531,-91.48429870605467,carrier_delay
ECP,44287.0,9279.0,571513.0,0.20951972362092713,12.904757603811502,61.592089664834575,ECP,Northwest Florida Beaches International Airport,medium_airport,Panama City Beach,30.357106,-85.795414,late_aircraft_delay
EGE,16099.0,3509.0,272771.0,0.2179638486862538,16.943350518665756,77.73468224565403,EGE,Eagle County Regional Airport,medium_airport,Eagle,39.64260101,-106.9179993,carrier_delay
EKO,2225.0,165.0,21145.0,0.07415730337078652,9.503370786516854,128.15151515151516,EKO,Elko Regional Airport,medium_airport,Elko,40.82490158081055,-115.79199981689452,carrier_delay
ELM,5227.0,900.0,73222.0,0.17218289649894777,14.008417830495505,81.35777777777778,ELM,Elmira Corning Regional Airport,medium_airport,Elmira/Corning,42.1599006652832,-76.8916015625,carrier_delay
ELP,89455.0,19997.0,1267345.0,0.22354256329998323,14.16740260466156,63.37675651347702,ELP,El Paso International Airport,large_airport,El Paso,31.809908,-106.375607,late_aircraft_delay
ERI,5943.0,929.0,65361.0,0.1563183577317853,10.997980817768804,70.35629709364909,ERI,Erie International Tom Ridge Field,medium_airport,Erie,42.083127,-80.173867,late_aircraft_delay
ESC,3316.0,455.0,46953.0,0.13721351025331724,14.159529553679132,103.19340659340659,ESC,Delta County Airport,medium_airport,Escanaba,45.723199,-87.088623,carrier_delay
EUG,43486.0,7641.0,450640.0,0.17571172331325025,10.362875408177345,58.976573746891766,EUG,Eugene Airport,medium_airport,Eugene,44.124599,-123.211998,late_aircraft_delay
EVV,16740.0,2602.0,192643.0,0.15543608124253286,11.50794504181601,74.03651037663336,EVV,Evansville Regional Airport,medium_airport,Evansville,38.0369987488,-87.5324020386,late_aircraft_delay
EWN,8064.0,1187.0,83847.0,0.14719742063492064,10.397693452380953,70.63774220724515,EWN,Coastal Carolina Regional Airport,medium_airport,New Bern,35.0730018616,-77.04290008539999,late_aircraft_delay
EWR,664738.0,153342.0,12271648.0,0.23068035827649389,18.460879323883997,80.02796363683792,EWR,Newark Liberty International Airport,large_airport,Newark,40.6894,-74.170545,nas_delay
EYW,40452.0,8069.0,528481.0,0.19947097794917432,13.064397310392565,65.495228652869,EYW,Key West International Airport,medium_airport,Key West,24.556119,-81.759579,nas_delay
FAI,24886.0,4661.0,223510.0,0.1872940609177851,8.981354978702885,47.95322892083244,FAI,Fairbanks International Airport,medium_airport,Fairbanks,64.815102,-147.856003,carrier_delay
FAR,33172.0,6483.0,465295.0,0.1954359098034487,14.026739418786928,71.77155637821996,FAR,Hector International Airport,medium_airport,Fargo,46.9207,-96.815804,carrier_delay
FAT,58181.0,11442.0,719419.0,0.19666214056135164,12.365187947955517,62.87528404125153,FAT,Fresno Yosemite International Airport,large_airport,Fresno,36.775767,-119.718018,carrier_delay
FAY,15662.0,2286.0,163698.0,0.1459583705784702,10.451921849061423,71.60892388451444,FAY,Fayetteville Regional Airport - Grannis Field,medium_airport,Fayetteville,34.991199,-78.880302,late_aircraft_delay
FCA,25046.0,4265.0,255089.0,0.1702866725225585,10.18481993132636,59.80984759671747,FCA,Glacier Park International Airport,medium_airport,Kalispell,48.310501,-114.255997,carrier_delay
FLG,10054.0,1734.0,149042.0,0.17246866918639348,14.824149592202108,85.95271049596309,FLG,Flagstaff Pulliam Airport,medium_airport,Flagstaff,35.139757,-111.669826,carrier_delay
FLL,432147.0,104823.0,7378334.0,0.2425632944345327,17.073667062365352,70.38850252330118,FLL,Fort Lauderdale Hollywood International Airport,large_airport,Fort Lauderdale,26.072599,-80.152702,late_aircraft_delay
FLO,3979.0,446.0,35754.0,0.11208846443830107,8.985674792661472,80.16591928251121,FLO,Florence Regional Airport,medium_airport,Florence,34.18539810180664,-79.7238998413086,late_aircraft_delay
FMN,207.0,43.0,4973.0,0.20772946859903382,24.02415458937198,115.65116279069767,FMN,Four Corners Regional Airport,medium_airport,Farmington,36.741199,-108.230003,late_aircraft_delay
FNT,15893.0,4052.0,296073.0,0.2549550116403448,18.629144906562637,73.06836130306021,FNT,Bishop International Airport,medium_airport,Flint,42.969294,-83.743355,late_aircraft_delay
FOD,2869.0,500.0,44164.0,0.17427675148135238,15.393516904844894,88.328,FOD,Fort Dodge Regional Airport,medium_airport,Fort Dodge,42.552624,-94.191237,carrier_delay
FSD,39749.0,8300.0,594561.0,0.20881028453546002,14.957885732974415,71.63385542168675,FSD,Sioux Falls Regional Airport,medium_airport,Sioux Falls,43.585463,-96.741152,carrier_delay
FSM,6114.0,929.0,66358.0,0.1519463526333006,10.8534510958456,71.42949407965554,FSM,Fort Smith Regional Airport,medium_airport,Fort Smith,35.336601,-94.367401,late_aircraft_delay
FWA,31864.0,6594.0,493037.0,0.2069420035149385,15.473167210645242,74.77054898392478,FWA,Fort Wayne International Airport,medium_airport,Fort Wayne,40.978896,-85.194465,carrier_delay
GCC,3416.0,551.0,44904.0,0.16129976580796254,13.14519906323185,81.49546279491832,GCC,Northeast Wyoming Regional Airport,medium_airport,Gillette,44.3489,-105.539001,carrier_delay
GCK,3572.0,629.0,43960.0,0.17609182530795073,12.306830907054872,69.88871224165342,GCK,Garden City Regional Airport,medium_airport,Garden City,37.9275016785,-100.723999023,late_aircraft_delay
GEG,101631.0,18497.0,1014580.0,0.18200155464376028,9.982977634776791,54.85105692815051,GEG,Spokane International Airport,large_airport,Spokane,47.6199,-117.533997,carrier_delay
GFK,6480.0,954.0,79700.0,0.14722222222222223,12.299382716049383,83.54297693920336,GFK,Grand Forks International Airport,medium_airport,Grand Forks,47.949299,-97.176102,carrier_delay
GGG,3825.0,578.0,44007.0,0.1511111111111111,11.505098039215687,76.13667820069205,GGG,East Texas Regional Airport,medium_airport,Longview,32.38399887084961,-94.71150207519533,carrier_delay
GJT,21136.0,3728.0,259530.0,0.17638152914458743,12.279049962149886,69.61641630901288,GJT,Grand Junction Regional Airport,medium_airport,Grand Junction,39.126663,-108.529387,carrier_delay
GNV,19242.0,2906.0,180415.0,0.15102380209957386,9.376104355056647,62.08362009635238,GNV,Gainesville Regional Airport,medium_airport,Gainesville,29.6900997162,-82.2717971802,late_aircraft_delay
GPT,20174.0,3316.0,229189.0,0.1643699811638743,11.360612669772975,69.11610373944511,GPT,Gulfport Biloxi International Airport,medium_airport,Gulfport,30.405582,-89.069836,carrier_delay
GRB,25670.0,4830.0,348538.0,0.18815738215816127,13.57763926762758,72.16107660455486,GRB,Austin Straubel International Airport,medium_airport,Green Bay,44.483459,-88.130805,carrier_delay
GRI,4680.0,823.0,56701.0,0.17585470085470087,12.11559829059829,68.8955042527339,GRI,Central Nebraska Regional Airport,medium_airport,Grand Island,40.967498779296875,-98.30960083007812,carrier_delay
GRK,10370.0,1946.0,129045.0,0.18765670202507231,12.444069431051108,66.31294964028777,GRK,Killeen Regional Airport / Robert Gray Army Airfield,medium_airport,Fort Cavazos,31.0672,-97.828903,carrier_delay
GRR,91561.0,19721.0,1362728.0,0.2153864636690294,14.883279999126266,69.10034988083768,GRR,Gerald R. Ford International Airport,large_airport,Grand Rapids,42.880798,-85.522797,late_aircraft_delay
GSO,64195.0,11658.0,785934.0,0.18160292857699198,12.242916114962224,67.41585177560474,GSO,Piedmont Triad International Airport,large_airport,Greensboro,36.09937,-79.937262,late_aircraft_delay
GSP,76419.0,15065.0,1010416.0,0.19713683769743126,13.222052107460186,67.07042814470627,GSP,Greenville-Spartanburg International Airport,medium_airport,Greenville/Greer/Spartanburg,34.895699,-82.218903,late_aircraft_delay
GST,450.0,45.0,2413.0,0.1,5.362222222222222,53.62222222222222,GST,Gustavus Airport,medium_airport,Gustavus,58.4253006,-135.7070007,late_aircraft_delay
GTF,13184.0,1752.0,116250.0,0.1328883495145631,8.817506067961165,66.3527397260274,GTF,Great Falls International Airport,medium_airport,Great Falls,47.481998,-111.371002,carrier_delay
GTR,4441.0,528.0,37140.0,0.11889214140959244,8.36298131051565,70.3409090909091,GTR,Golden Triangle Regional Airport,medium_airport,Columbus/W Point/Starkville,33.450298,-88.5914,carrier_delay
GUC,4910.0,976.0,102444.0,0.19877800407331975,20.864358452138493,104.96311475409836,GUC,Gunnison Crested Butte Regional Airport,medium_airport,Gunnison,38.534672,-106.934566,carrier_delay
GUF,283.0,41.0,1790.0,0.14487632508833923,6.3250883392226145,43.65853658536585,GUF,Jack Edwards National Airport,small_airport,Gulf Shores,30.290501,-87.671799,late_aircraft_delay
HDN,12092.0,2468.0,151773.0,0.20410188554416142,12.551521667217996,61.496353322528364,HDN,Yampa Valley Airport,medium_airport,Hayden,40.481201,-107.218002,carrier_delay
HGR,1205.0,336.0,22493.0,0.27883817427385893,18.666390041493777,66.94345238095238,HGR,Hagerstown Regional Richard A Henson Field,medium_airport,Hagerstown,39.708771,-77.728014,late_aircraft_delay
HHH,12121.0,2022.0,127390.0,0.166817919313588,10.509858922531144,63.00197823936696,HHH,Hilton Head Airport,medium_airport,Hilton Head Island,32.2244,-80.697502,carrier_delay
HIB,3192.0,396.0,36289.0,0.12406015037593984,11.3687343358396,91.63888888888889,HIB,Range Regional Airport,medium_airport,Hibbing,47.384831,-92.836905,carrier_delay
HLN,8720.0,1110.0,81001.0,0.12729357798165136,9.289105504587155,72.97387387387387,HLN,Helena Regional Airport,medium_airport,Helena,46.6068,-111.983002,carrier_delay
HNL,280087.0,48849.0,2643567.0,0.17440652368728288,9.43837807538372,54.117116010563166,HNL,Daniel K. Inouye International Airport,large_airport,"Honolulu, Oahu",21.318387,-157.92567,carrier_delay
HOB,2993.0,694.0,76483.0,0.23187437353825593,25.553959238222518,110.20605187319885,HOB,Lea County Regional Airport,medium_airport,Hobbs,32.6875,-103.217003,carrier_delay
HOU,262376.0,53061.0,2911448.0,0.20223267372015732,11.09647223831448,54.869829064661424,HOU,William P. Hobby Airport,large_airport,Houston,29.645336,-95.276812,late_aircraft_delay
HPN,56282.0,12709.0,967372.0,0.22580931736612062,17.187946412707436,76.11708238256354,HPN,Westchester County Airport,medium_airport,White Plains,41.06700134277344,-73.70760345458984,carrier_delay
HRL,24653.0,4697.0,297985.0,0.1905244797793372,12.08716991846834,63.44155844155844,HRL,Valley International Airport,medium_airport,Harlingen,26.228500366210938,-97.65440368652344,late_aircraft_delay
HSV,53150.0,10090.0,715769.0,0.18984007525870178,13.466961429915335,70.9384539147671,HSV,Huntsville International Airport,medium_airport,Huntsville,34.636244,-86.774378,late_aircraft_delay
HTS,6461.0,1161.0,81081.0,0.179693545890729,12.549295774647888,69.83720930232558,HTS,Tri-State Airport / Milton J. Ferguson Field,medium_airport,Huntington,38.366699,-82.557999,late_aircraft_delay
HVN,219.0,27.0,1609.0,0.1232876712328767,7.34703196347032,59.592592592592595,HVN,Tweed New Haven Airport,medium_airport,New Haven,41.262869,-72.887694,late_aircraft_delay
HYA,1099.0,196.0,15528.0,0.17834394904458598,14.129208371246587,79.22448979591837,HYA,Cape Cod Gateway Airport,medium_airport,Hyannis,41.6693,-70.280403,carrier_delay
HYS,3293.0,639.0,59897.0,0.1940479805648345,18.18918918918919,93.73552425665102,HYS,Hays Regional Airport,medium_airport,Hays,38.844521,-99.273148,carrier_delay
IAD,390564.0,66356.0,5288911.0,0.16989789125469834,13.54172683606272,79.7050907227681,IAD,Washington Dulles International Airport,large_airport,Dulles,38.9445,-77.455803,late_aircraft_delay
IAG,1964.0,360.0,27933.0,0.18329938900203666,14.222505091649694,77.59166666666667,IAG,Niagara Falls International Airport,medium_airport,Niagara Falls,43.1073,-78.946198,carrier_delay
IAH,783931.0,145419.0,11573593.0,0.1854997442376944,14.763535311143455,79.58790116834801,IAH,George Bush Intercontinental Airport,large_airport,Houston,29.9844,-95.3414,late_aircraft_delay
ICT,53654.0,11696.0,806080.0,0.21798933909866924,15.023670183024565,68.91928864569084,ICT,Wichita Dwight D. Eisenhower National Airport,medium_airport,Wichita,37.650314,-97.428583,late_aircraft_delay
IDA,21112.0,3663.0,266152.0,0.17350322091701403,12.606669192876089,72.65956865956866,IDA,Idaho Falls Regional Airport,medium_airport,Idaho Falls,43.514599,-112.070999,carrier_delay
IFP,1.0,1.0,222.0,1.0,222.0,222.0,IFP,Laughlin Bullhead International Airport,medium_airport,Bullhead City,35.154726,-114.559322,carrier_delay
ILG,165.0,44.0,2678.0,0.26666666666666666,16.23030303030303,60.86363636363637,ILG,Wilmington Airport,medium_airport,Wilmington,39.678699,-75.606499,carrier_delay
ILM,43403.0,7932.0,535581.0,0.18275234430799714,12.33972306061793,67.52155824508321,ILM,Wilmington International Airport,medium_airport,Wilmington,34.272345,-77.905117,late_aircraft_delay
IMT,3575.0,562.0,52750.0,0.1572027972027972,14.755244755244755,93.86120996441281,IMT,Ford Airport,medium_airport,Kingsford,45.81911,-88.114557,carrier_delay
IND,221481.0,46059.0,3009757.0,0.2079591477372777,13.589233387965558,65.34568705356173,IND,Indianapolis International Airport,large_airport,Indianapolis,39.7173,-86.294403,late_aircraft_delay
INL,3104.0,401.0,40838.0,0.12918814432989692,13.156572164948454,101.84039900249377,INL,Falls International Airport,medium_airport,International Falls,48.566200256347656,-93.4030990600586,carrier_delay
IPT,214.0,17.0,951.0,0.0794392523364486,4.44392523364486,55.94117647058823,IPT,Williamsport Regional Airport,medium_airport,Williamsport,41.242126,-76.92245,late_aircraft_delay
ISP,24469.0,5953.0,371710.0,0.2432874249049818,15.19105807348073,62.44078615823954,ISP,Long Island MacArthur Airport,medium_airport,Islip,40.796324,-73.101703,late_aircraft_delay
ITH,7202.0,1372.0,108836.0,0.19050263815606777,15.111913357400722,79.3265306122449,ITH,Ithaca Tompkins Regional Airport,medium_airport,Ithaca,42.49100112915039,-76.4583969116211,late_aircraft_delay
ITO,31254.0,4491.0,185179.0,0.14369360721827606,5.924969603890702,41.23335560008907,ITO,Hilo International Airport,medium_airport,Hilo,19.72135,-155.045428,late_aircraft_delay
JAC,28006.0,5413.0,390339.0,0.19328001142612297,13.937691923159322,72.11139848512839,JAC,Jackson Hole Airport,medium_airport,Jackson,43.6073,-110.737999,carrier_delay
JAN,43589.0,7863.0,509415.0,0.18038954782169814,11.686778774461446,64.78634109118657,JAN,Jackson-Medgar Wiley Evers International Airport,medium_airport,Jackson,32.311199,-90.075897,late_aircraft_delay
JAX,142153.0,32740.0,2159459.0,0.23031522373780364,15.19108988202852,65.95781918142944,JAX,Jacksonville International Airport,large_airport,Jacksonville,30.492469,-81.687813,late_aircraft_delay
JFK,590240.0,129060.0,10516883.0,0.21865681756573596,17.81797743290865,81.48832326049899,JFK,John F. Kennedy International Airport,large_airport,New York,40.639447,-73.779317,carrier_delay
JLN,3377.0,630.0,75138.0,0.1865561148948771,22.249925969795676,119.26666666666667,JLN,Joplin Regional Airport,medium_airport,Joplin,37.151798,-94.498299,carrier_delay
JMS,3719.0,510.0,50043.0,0.1371336380747513,13.456036568970154,98.12352941176471,JMS,Jamestown Regional Airport,medium_airport,Jamestown,46.92969894,-98.67819977,carrier_delay
JNU,22581.0,3828.0,191652.0,0.16952305035206588,8.487312342234622,50.06583072100314,JNU,Juneau International Airport,medium_airport,Juneau,58.354935,-134.574416,late_aircraft_delay
JST,3523.0,674.0,88049.0,0.19131422083451605,24.99261992619926,130.63649851632047,JST,John Murtha Johnstown Cambria County Airport,medium_airport,Johnstown,40.31610107421875,-78.83390045166016,carrier_delay
KOA,78888.0,12313.0,577024.0,0.15608204036101817,7.314471148970693,46.86299033541785,KOA,Ellison Onizuka Kona International Airport at Keāhole,large_airport,Kailua-Kona,19.738783,-156.045603,carrier_delay
KTN,11836.0,2050.0,108187.0,0.17320040554241298,9.140503548496113,52.774146341463414,KTN,Ketchikan International Airport,medium_airport,Ketchikan,55.35559845,-131.7140045,carrier_delay
LAF,185.0,52.0,4698.0,0.2810810810810811,25.394594594594594,90.34615384615384,LAF,Purdue University Airport,medium_airport,West Lafayette,40.412875,-86.939363,carrier_delay
LAN,10587.0,1887.0,143787.0,0.178237461037121,13.581467837914424,76.19872813990462,LAN,Capital Region International Airport,medium_airport,Lansing,42.777582,-84.585721,carrier_delay
LAR,3067.0,539.0,39893.0,0.17574176719921747,13.00717313335507,74.01298701298701,LAR,Laramie Regional Airport,medium_airport,Laramie,41.31209945678711,-105.6750030517578,carrier_delay
LAS,870911.0,197299.0,12254099.0,0.22654324035406603,14.070437737036276,62.10928083771332,LAS,Harry Reid International Airport,large_airport,Las Vegas,36.083361,-115.151817,late_aircraft_delay
LAW,5544.0,923.0,79730.0,0.1664862914862915,14.381313131313131,86.38136511375949,LAW,Lawton Fort Sill Regional Airport,medium_airport,Lawton,34.567699,-98.416603,carrier_delay
LAX,937173.0,174345.0,11772761.0,0.18603288827142908,12.56199335661612,67.52565889472024,LAX,Los Angeles International Airport,large_airport,Los Angeles,33.942501,-118.407997,carrier_delay
LBB,33649.0,7263.0,516561.0,0.2158459389580671,15.351451751909417,71.122263527468,LBB,Lubbock Preston Smith International Airport,medium_airport,Lubbock,33.663601,-101.822998,late_aircraft_delay
LBE,3552.0,664.0,38534.0,0.18693693693693694,10.848536036036036,58.03313253012048,LBE,Arnold Palmer Regional Airport,medium_airport,Latrobe,40.275902,-79.4048,carrier_delay
LBF,3168.0,609.0,44300.0,0.19223484848484848,13.983585858585858,72.74220032840722,LBF,North Platte Regional Airport Lee Bird Field,medium_airport,North Platte,41.12620163,-100.6839981,carrier_delay
LBL,3001.0,471.0,30252.0,0.15694768410529825,10.080639786737754,64.22929936305732,LBL,Liberal Mid-America Regional Airport,medium_airport,Liberal,37.0442009,-100.9599991,carrier_delay
LCH,9221.0,1450.0,114480.0,0.15724975599175794,12.41513935581824,78.95172413793104,LCH,Lake Charles Regional Airport,medium_airport,Lake Charles,30.126100540161133,-93.22329711914062,carrier_delay
LCK,5193.0,1336.0,100208.0,0.2572694011168881,19.296745619102637,75.0059880239521,LCK,Rickenbacker International Airport,medium_airport,Columbus,39.813801,-82.927803,carrier_delay
LEX,47056.0,8840.0,635144.0,0.18786127167630057,13.497619857191431,71.84886877828055,LEX,Blue Grass Airport,medium_airport,Lexington,38.035066,-84.606738,carrier_delay
LFT,24117.0,4473.0,357779.0,0.18547082970518722,14.835137040262056,79.98636262016544,LFT,Lafayette Regional Airport,medium_airport,Lafayette,30.205299,-91.987602,carrier_delay
LGA,741693.0,149370.0,11474901.0,0.20139060231119885,15.471227313726839,76.82199236794537,LGA,LaGuardia Airport,large_airport,New York,40.777199,-73.872597,nas_delay
LGB,77473.0,13359.0,625546.0,0.1724342674221987,8.074374298142578,46.82581031514335,LGB,Long Beach International Airport,large_airport,Long Beach,33.816523,-118.149891,late_aircraft_delay
LIH,72867.0,11012.0,507384.0,0.1511246517628007,6.963152044135205,46.07555394115511,LIH,Lihue Airport,large_airport,"Lihue, Kauai",21.974393,-159.337146,carrier_delay
LIT,66860.0,14387.0,933203.0,0.2151809751720012,13.957568052647323,64.86432195732259,LIT,Bill & Hillary Clinton National Airport/Adams Field,medium_airport,Little Rock,34.729222,-92.223591,late_aircraft_delay
LNK,12437.0,2943.0,258165.0,0.23663262844737476,20.75781940982552,87.7217125382263,LNK,Lincoln Airport,medium_airport,Lincoln,40.844882,-96.76178,carrier_delay
LNY,28.0,3.0,127.0,0.10714285714285714,4.535714285714286,42.333333333333336,LNY,Lanai Airport,medium_airport,Lanai City,20.785675,-156.951324,late_aircraft_delay
LRD,12464.0,2103.0,150731.0,0.16872593068035943,12.093308729139922,71.67427484545887,LRD,Laredo International Airport,medium_airport,Laredo,27.5438,-99.461601,carrier_delay
LSE,6388.0,1111.0,85637.0,0.17391984971822166,13.405917345021916,77.08100810081008,LSE,La Crosse Regional Airport,medium_airport,La Crosse,43.879002,-91.256699,carrier_delay
LWB,1206.0,207.0,18674.0,0.17164179104477612,15.48424543946932,90.21256038647343,LWB,Greenbrier Valley Airport,medium_airport,Lewisburg,37.857914,-80.400438,carrier_delay
LWS,4644.0,497.0,34066.0,0.1070198105081826,7.335486649440138,68.54325955734406,LWS,Lewiston Nez Perce County Airport,medium_airport,Lewiston,46.3745002746582,-117.01499938964844,carrier_delay
LYH,8700.0,1138.0,86877.0,0.13080459770114944,9.985862068965517,76.34182776801406,LYH,Lynchburg Regional Airport - Preston Glenn Field,medium_airport,Lynchburg,37.326698,-79.200401,late_aircraft_delay
MAF,48052.0,9789.0,660426.0,0.20371680679264131,13.743985682177641,67.46613545816733,MAF,Midland International Air and Space Port,medium_airport,Midland,31.942499,-102.202003,late_aircraft_delay
MBS,9750.0,1768.0,136890.0,0.18133333333333335,14.04,77.42647058823529,MBS,MBS International Airport,medium_airport,Freeland,43.533181,-84.083104,carrier_delay
MCI,231765.0,49303.0,3003502.0,0.2127284102431342,12.95925614307596,60.91925440642557,MCI,Kansas City International Airport,large_airport,Kansas City,39.301699,-94.713893,late_aircraft_delay
MCO,749094.0,183534.0,13176405.0,0.24500796962730978,17.589788464465073,71.7927196050868,MCO,Orlando International Airport,large_airport,Orlando,28.429399490356445,-81.30899810791016,late_aircraft_delay
MCW,2870.0,491.0,46292.0,0.1710801393728223,16.129616724738675,94.28105906313645,MCW,Mason City Municipal Airport,medium_airport,Mason City,43.159801,-93.329716,carrier_delay
MDT,45022.0,8523.0,628232.0,0.18930744969126204,13.953889209719692,73.71019594039657,MDT,Harrisburg International Airport,medium_airport,Harrisburg,40.192838,-76.762333,late_aircraft_delay
MDW,374572.0,73620.0,4124590.0,0.1965443225868458,11.011474429482183,56.025400706329805,MDW,Chicago Midway International Airport,large_airport,Chicago,41.785999,-87.752403,late_aircraft_delay
MEI,3288.0,587.0,68826.0,0.1785279805352798,20.932481751824817,117.2504258943782,MEI,Key Field / Meridian Regional Airport,medium_airport,Meridian,32.3326,-88.7519,carrier_delay
MEM,114926.0,25360.0,1647764.0,0.22066373144458173,14.337608548109218,64.97492113564668,MEM,Memphis International Airport,large_airport,Memphis,35.043845,-89.97634,late_aircraft_delay
MFE,26161.0,5936.0,457213.0,0.22690264133634036,17.476893085126715,77.02375336927224,MFE,McAllen Miller International Airport,medium_airport,McAllen,26.176141,-98.237965,late_aircraft_delay
MFR,35562.0,5399.0,309450.0,0.15181935774140937,8.701704066138012,57.31616966104834,MFR,Rogue Valley International-Medford Airport,medium_airport,Medford,42.374199,-122.873001,carrier_delay
MGM,16972.0,3085.0,249149.0,0.18176997407494697,14.680002356823003,80.7614262560778,MGM,Montgomery Regional (Dannelly Field) Airport,medium_airport,Montgomery,32.300598,-86.393997,carrier_delay
MGW,705.0,177.0,24188.0,0.251063829787234,34.30921985815603,136.65536723163842,MGW,Morgantown Municipal Airport Walter L. (Bill) Hart Field,medium_airport,Morgantown,39.643305,-79.917598,late_aircraft_delay
MHK,7450.0,1314.0,88982.0,0.1763758389261745,11.943892617449665,67.71841704718418,MHK,Manhattan Regional Airport,medium_airport,Manhattan,39.14099884033203,-96.6707992553711,late_aircraft_delay
MHT,35795.0,7440.0,467558.0,0.20785025841597987,13.062103645760581,62.843817204301075,MHT,Manchester-Boston Regional Airport,medium_airport,Manchester,42.932598,-71.435699,late_aircraft_delay
MIA,513144.0,114352.0,8633335.0,0.2228458288511607,16.824390424520214,75.49789247236603,MIA,Miami International Airport,large_airport,Miami,25.796011,-80.289751,late_aircraft_delay
MKE,139447.0,30243.0,2011406.0,0.21687809705479502,14.424161150831498,66.50815064643058,MKE,General Mitchell International Airport,large_airport,Milwaukee,42.947201,-87.896599,carrier_delay
MKG,1193.0,160.0,9991.0,0.13411567476948869,8.37468566638726,62.44375,MKG,Muskegon County Airport,medium_airport,Muskegon,43.169498,-86.238197,carrier_delay
MKK,28.0,2.0,111.0,0.07142857142857142,3.9642857142857144,55.5,MKK,Molokai Airport,medium_airport,Kaunakakai,21.152901,-157.095993,carrier_delay
MLB,13242.0,2100.0,132739.0,0.158586316266425,10.024090016613805,63.20904761904762,MLB,Melbourne Orlando International Airport,medium_airport,Melbourne,28.102009,-80.641088,carrier_delay
MLI,23550.0,4821.0,359428.0,0.20471337579617835,15.262335456475585,74.5546567102261,MLI,Quad City International Airport,medium_airport,Moline,41.448502,-90.5075,late_aircraft_delay
MLU,10330.0,1568.0,105442.0,0.15179090029041625,10.207357212003872,67.24617346938776,MLU,Monroe Regional Airport,medium_airport,Monroe,32.510899,-92.037697,carrier_delay
MOB,25615.0,4611.0,338157.0,0.18001171188756587,13.201522545383565,73.33702016916071,MOB,Mobile Regional Airport,medium_airport,Mobile,30.6912,-88.242798,carrier_delay
MOT,12386.0,2022.0,166007.0,0.16324882932342968,13.402793476505732,82.1003956478734,MOT,Minot International Airport,medium_airport,Minot,48.25801,-101.279123,carrier_delay
MQT,5606.0,1080.0,115684.0,0.19265073135925795,20.63574741348555,107.11481481481482,MQT,Marquette/Sawyer International Airport,medium_airport,Gwinn,46.351498,-87.395884,carrier_delay
MRY,21450.0,3973.0,272405.0,0.1852214452214452,12.6995337995338,68.56405738736471,MRY,Monterey Regional Airport,medium_airport,Monterey,36.586777,-121.844183,carrier_delay
MSN,61194.0,12414.0,875302.0,0.20286302578684184,14.303722587181749,70.50926373449332,MSN,Dane County Regional Truax Field,medium_airport,Madison,43.1399,-89.337502,late_aircraft_delay
MSO,26580.0,4444.0,275354.0,0.1671933784800602,10.359443190368697,61.96084608460846,MSO,Missoula Montana Airport,medium_airport,Missoula,46.915816,-114.091107,carrier_delay
MSP,611337.0,95548.0,7460021.0,0.15629350096591568,12.202796493587007,78.07616067316951,MSP,Minneapolis–Saint Paul International Airport / Wold–Chamberlain Field,large_airport,Minneapolis,44.880081,-93.221741,carrier_delay
MSY,233597.0,51297.0,3180887.0,0.2195961420737424,13.616985663343279,62.009220812133265,MSY,Louis Armstrong New Orleans International Airport,large_airport,New Orleans,29.993401,-90.264673,late_aircraft_delay
MTJ,14243.0,2853.0,171072.0,0.2003089236818086,12.010952748718669,59.96214511041009,MTJ,Montrose Regional Airport,medium_airport,Montrose,38.5098,-107.893997,carrier_delay
MVY,5333.0,1040.0,75769.0,0.19501218826176636,14.207575473467092,72.85480769230769,MVY,Martha's Vineyard Airport,small_airport,Martha's Vineyard,41.3931007385,-70.6143035889,carrier_delay
MYR,79606.0,15616.0,1032026.0,0.1961661181317991,12.96417355475718,66.08773053278688,MYR,Myrtle Beach International Airport,large_airport,Myrtle Beach,33.679699,-78.928299,late_aircraft_delay
OAJ,13816.0,1994.0,135849.0,0.1443254198031268,9.83273016792125,68.12888665997994,OAJ,Albert J Ellis Airport,medium_airport,Richlands,34.829201,-77.612099,late_aircraft_delay
OAK,205048.0,39148.0,1989918.0,0.19092115016971636,9.704644766103547,50.8306426892817,OAK,San Francisco Bay Oakland International Airport,large_airport,Oakland,37.720085,-122.221184,late_aircraft_delay
OGD,129.0,31.0,1446.0,0.24031007751937986,11.209302325581396,46.645161290322584,OGD,Ogden Hinckley Airport,medium_airport,Ogden,41.195899963379,-112.0120010376,carrier_delay
OGG,136844.0,21447.0,1073476.0,0.1567259068720587,7.844523691210429,50.05250151536345,OGG,Kahului International Airport,large_airport,Kahului,20.896263,-156.431837,carrier_delay
OGS,887.0,178.0,19702.0,0.20067643742953778,22.211950394588502,110.68539325842697,OGS,Ogdensburg International Airport,medium_airport,Ogdensburg,44.6819,-75.4655,carrier_delay
OKC,111803.0,24461.0,1605830.0,0.2187866157437636,14.363031403450712,65.64858345938433,OKC,OKC Will Rogers World Airport,large_airport,Oklahoma City,35.393388,-97.598248,carrier_delay
OMA,114092.0,24216.0,1488097.0,0.21224976334887635,13.042956561371525,61.45098282127519,OMA,Eppley Airfield,large_airport,Omaha,41.3032,-95.894096,carrier_delay
OME,3419.0,529.0,23486.0,0.15472360339280491,6.869260017548991,44.396975425330815,OME,Nome Airport,medium_airport,Nome,64.51219940185547,-165.44500732421875,carrier_delay
ONT,119422.0,24928.0,1423579.0,0.20873875835273234,11.920575773308101,57.10762997432606,ONT,Ontario International Airport,large_airport,Ontario,34.056,-117.600998,late_aircraft_delay
ORD,1522416.0,298956.0,24640510.0,0.1963694548664754,16.18513599436685,82.42186141104376,ORD,Chicago O'Hare International Airport,large_airport,Chicago,41.9786,-87.9048,late_aircraft_delay
ORF,109384.0,23560.0,1567372.0,0.21538799093103195,14.329079207196665,66.52682512733446,ORF,Norfolk International Airport,large_airport,Norfolk,36.895341,-76.201,late_aircraft_delay
ORH,6361.0,1265.0,88449.0,0.19886810249960699,13.904889168369753,69.92015810276679,ORH,Worcester Regional Airport,medium_airport,Worcester,42.2673,-71.875702,carrier_delay
OTH,1834.0,356.0,19210.0,0.1941112322791712,10.474372955288986,53.96067415730337,OTH,Southwest Oregon Regional Airport,medium_airport,North Bend,43.41709899902344,-124.24600219726562,carrier_delay
OTZ,3418.0,487.0,24760.0,0.14248098303101228,7.244002340550029,50.841889117043124,OTZ,Ralph Wien Memorial Airport,medium_airport,Kotzebue,66.88469696,-162.598999,late_aircraft_delay
OWB,232.0,56.0,3400.0,0.2413793103448276,14.655172413793103,60.714285714285715,OWB,Owensboro Daviess County Airport,medium_airport,Owensboro,37.74010086,-87.16680145,carrier_delay
PAE,16460.0,3324.0,182595.0,0.2019441069258809,11.09325637910085,54.93231046931408,PAE,Seattle Paine Field International Airport,medium_airport,Everett,47.9063,-122.281998,late_aircraft_delay
PAH,1492.0,218.0,19472.0,0.14611260053619302,13.05093833780161,89.3211009174312,PAH,Barkley Regional Airport,medium_airport,Paducah,37.06079864501953,-88.7738037109375,carrier_delay
PBG,2877.0,516.0,48784.0,0.17935349322210636,16.956551963851233,94.54263565891473,PBG,Plattsburgh International Airport,medium_airport,Plattsburgh,44.650902,-73.468102,carrier_delay
PBI,131280.0,33764.0,2351328.0,0.25719073735527115,17.910786106032905,69.64009003672551,PBI,Palm Beach International Airport,large_airport,West Palm Beach,26.683201,-80.095596,carrier_delay
PDX,323361.0,57356.0,3264471.0,0.17737451331484008,10.095438225388962,56.9159460213404,PDX,Portland International Airport,large_airport,Portland,45.588699,-122.598,late_aircraft_delay
PGD,31324.0,9575.0,756693.0,0.3056761588558294,24.156972289618185,79.02798955613576,PGD,Punta Gorda Airport,medium_airport,Punta Gorda,26.9202,-81.990501,late_aircraft_delay
PGV,4533.0,598.0,43888.0,0.13192146481358924,9.681888374145158,73.3913043478261,PGV,Pitt-Greenville Airport,medium_airport,Greenville,35.635535,-77.384262,late_aircraft_delay
PHF,8027.0,1028.0,71710.0,0.12806777127195715,8.933599103027284,69.7568093385214,PHF,Newport News Williamsburg International Airport,medium_airport,Newport News,37.131901,-76.492996,late_aircraft_delay
PHL,552284.0,110778.0,9198139.0,0.20058158483678687,16.654726553729603,83.03218148007727,PHL,Philadelphia International Airport,large_airport,Philadelphia,39.871899,-75.241096,late_aircraft_delay
PHX,880043.0,164949.0,11696550.0,0.18743288680212217,13.290884649954604,70.91009948529546,PHX,Phoenix Sky Harbor International Airport,large_airport,Phoenix,33.435302,-112.005905,late_aircraft_delay
PIA,21573.0,4723.0,343419.0,0.2189310712464655,15.918926435822556,72.71204742748253,PIA,General Wayne A. Downing Peoria International Airport,medium_airport,Peoria,40.663841,-89.692631,late_aircraft_delay
PIB,3109.0,541.0,52545.0,0.17401093599228049,16.90093277581216,97.12569316081331,PIB,Hattiesburg Laurel Regional Airport,medium_airport,Moselle,31.4671,-89.337097,carrier_delay
PIE,40101.0,11408.0,927632.0,0.28448168374853494,23.132390713448544,81.31416549789621,PIE,St. Petersburg Clearwater International Airport,large_airport,Pinellas Park,27.9102,-82.687401,late_aircraft_delay
PIH,3000.0,229.0,22289.0,0.07633333333333334,7.429666666666667,97.33187772925764,PIH,Pocatello Regional Airport,medium_airport,Pocatello,42.9098014831543,-112.59600067138672,carrier_delay
PIR,850.0,146.0,12746.0,0.17176470588235293,14.99529411764706,87.3013698630137,PIR,Pierre Regional Airport,medium_airport,Pierre,44.38270187,-100.2860031,carrier_delay
PIT,206709.0,41972.0,2768497.0,0.20304873034072052,13.393209777997088,65.96056895072905,PIT,Pittsburgh International Airport,large_airport,Pittsburgh,40.491501,-80.232903,late_aircraft_delay
PLN,4107.0,710.0,64464.0,0.17287557828098368,15.696128560993426,90.7943661971831,PLN,Pellston Regional Airport of Emmet County Airport,medium_airport,Pellston,45.57089996,-84.79669952,carrier_delay
PNS,66367.0,14324.0,953280.0,0.21583015655370894,14.36376512423343,66.55124266964535,PNS,Pensacola International Airport,large_airport,Pensacola,30.472718,-87.186639,late_aircraft_delay
PQI,2717.0,796.0,72786.0,0.2929701877070298,26.789105631210894,91.43969849246231,PQI,Presque Isle International Airport,medium_airport,Presque Isle,46.688999,-68.0448,late_aircraft_delay
PRC,3748.0,728.0,83166.0,0.19423692636072573,22.189434364994664,114.23901098901099,PRC,Prescott Regional Airport - Ernest A. Love Field,medium_airport,Prescott,34.653502,-112.419883,late_aircraft_delay
PSC,30123.0,4708.0,279714.0,0.15629253394416226,9.285728513096306,59.412489379779096,PSC,Tri Cities Airport,medium_airport,Pasco,46.264702,-119.119003,carrier_delay
PSG,3560.0,582.0,33245.0,0.16348314606741574,9.338483146067416,57.12199312714777,PSG,Petersburg James A Johnson Airport,medium_airport,Petersburg,56.80170059,-132.9450073,late_aircraft_delay
PSM,1896.0,305.0,18767.0,0.1608649789029536,9.898206751054852,61.5311475409836,PSM,Portsmouth International Airport at Pease,medium_airport,Portsmouth,43.0779,-70.823303,carrier_delay
PSP,70295.0,12806.0,728010.0,0.18217511914076392,10.356497617184722,56.849133218803686,PSP,Palm Springs International Airport,large_airport,Palm Springs,33.8297,-116.507004,late_aircraft_delay
PUB,1148.0,165.0,20353.0,0.1437282229965157,17.729094076655052,123.35151515151514,PUB,Pueblo Memorial Airport,medium_airport,Pueblo,38.289101,-104.497002,carrier_delay
PUW,5518.0,714.0,31030.0,0.1293947082276187,5.6234142805364264,43.4593837535014,PUW,Pullman-Moscow Regional Airport,medium_airport,Pullman,46.741601,-117.11163,late_aircraft_delay
PVD,77704.0,17052.0,1123123.0,0.21944816225676927,14.45386337897663,65.86459066385174,PVD,Rhode Island T. F. Green International Airport,large_airport,Providence/Warwick,41.725038,-71.425668,late_aircraft_delay
PVU,9197.0,2784.0,261750.0,0.30270740458845274,28.460367511144938,94.01939655172414,PVU,Provo Municipal Airport,medium_airport,Provo,40.218894,-111.722445,late_aircraft_delay
PWM,59789.0,11893.0,826781.0,0.1989161885965646,13.828312900366289,69.5182880686118,PWM,Portland International Jetport,large_airport,Portland,43.646198,-70.309303,late_aircraft_delay
RAP,26210.0,4960.0,351528.0,0.18924074780618086,13.411980160244182,70.87258064516129,RAP,Rapid City Regional Airport,medium_airport,Rapid City,44.0452995300293,-103.05699920654295,carrier_delay
RDD,7716.0,1218.0,100617.0,0.1578538102643857,13.0400466562986,82.60837438423646,RDD,Redding Municipal Airport,medium_airport,Redding,40.50899887,-122.2929993,carrier_delay
RDM,38706.0,5979.0,365288.0,0.15447217485661138,9.437503229473467,61.09516641578859,RDM,Roberts Field,medium_airport,Redmond,44.254101,-121.150002,carrier_delay
RDU,278315.0,58744.0,3998243.0,0.21107019025205254,14.36589116648402,68.06215102819012,RDU,Raleigh-Durham International Airport,large_airport,Raleigh/Durham,35.878659,-78.7873,late_aircraft_delay
RFD,3904.0,708.0,50644.0,0.18135245901639344,12.97233606557377,71.53107344632768,RFD,Chicago Rockford International Airport,medium_airport,Chicago/Rockford,42.1954,-89.097198,carrier_delay
RHI,4062.0,588.0,48868.0,0.1447562776957164,12.030526834071885,83.10884353741497,RHI,Rhinelander Oneida County Airport,medium_airport,Rhinelander,45.63119888305664,-89.46749877929688,carrier_delay
RIC,114158.0,24197.0,1691034.0,0.211960615988367,14.813101140524536,69.88610158284085,RIC,Richmond International Airport,large_airport,Richmond,37.505199,-77.319702,late_aircraft_delay
RIW,2710.0,444.0,43432.0,0.16383763837638377,16.026568265682656,97.81981981981981,RIW,Central Wyoming Regional Airport,medium_airport,Riverton,43.064201,-108.459999,carrier_delay
RKS,2700.0,484.0,48751.0,0.17925925925925926,18.055925925925926,100.72520661157024,RKS,Southwest Wyoming Regional Airport,medium_airport,Rock Springs,41.5942,-109.065001,carrier_delay
RNO,103885.0,20678.0,1179498.0,0.19904702315059922,11.35388169610627,57.041203211142275,RNO,Reno Tahoe International Airport,large_airport,Reno,39.4991,-119.767998,late_aircraft_delay
ROA,31603.0,5875.0,420615.0,0.18590007277790083,13.309337721102427,71.59404255319149,ROA,Roanoke–Blacksburg Regional Airport,medium_airport,Roanoke,37.3255,-79.975403,late_aircraft_delay
ROC,74688.0,15045.0,1016417.0,0.20143798200514137,13.60883943873179,67.55845795945497,ROC,Frederick Douglass Greater Rochester International Airport,large_airport,Rochester,43.1189,-77.672401,late_aircraft_delay
ROW,5115.0,882.0,72836.0,0.1724340175953079,14.239687194525905,82.58049886621315,ROW,Roswell Air Center Airport,medium_airport,Roswell,33.301601,-104.530998,carrier_delay
RST,10603.0,2019.0,172224.0,0.19041780628124116,16.24295010845987,85.30163447251114,RST,Rochester International Airport,medium_airport,Rochester,43.908298,-92.5,carrier_delay
RSW,176966.0,38432.0,2525509.0,0.2171716600928992,14.271153780952273,65.71370212323065,RSW,Southwest Florida International Airport,large_airport,Fort Myers,26.534685,-81.752816,late_aircraft_delay
SAF,14156.0,2936.0,231234.0,0.20740322124894037,16.3346990675332,78.75817438692098,SAF,Santa Fe Municipal Airport,medium_airport,Santa Fe,35.6171,-106.088997,carrier_delay
SAN,428051.0,92656.0,5162336.0,0.21646018815514972,12.060095642808918,55.71507511656018,SAN,San Diego International Airport,large_airport,San Diego,32.733601,-117.190002,late_aircraft_delay
SAT,184443.0,40708.0,2503663.0,0.2207077525305921,13.574182809865379,61.50297238871966,SAT,San Antonio International Airport,large_airport,San Antonio,29.533701,-98.469803,late_aircraft_delay
SAV,98227.0,20620.0,1408730.0,0.20992191556293077,14.341576145051768,68.31862269641125,SAV,Savannah Hilton Head International Airport,large_airport,Savannah,32.126591,-81.19998,late_aircraft_delay
SBA,37515.0,6936.0,453741.0,0.1848860455817673,12.094922031187526,65.4182525951557,SBA,Santa Barbara Municipal Airport,medium_airport,Santa Barbara,34.426201,-119.839996,late_aircraft_delay
SBN,31688.0,6599.0,520139.0,0.20824917950012622,16.414383993940923,78.82088195181088,SBN,South Bend International Airport,medium_airport,South Bend,41.708304,-86.316922,carrier_delay
SBP,24594.0,4556.0,326532.0,0.18524843457753923,13.27689680409856,71.67076382791923,SBP,San Luis County Regional Airport,medium_airport,San Luis Obispo,35.236801147499996,-120.641998291,late_aircraft_delay
SBY,7788.0,1205.0,93811.0,0.1547252182845403,12.045582948125322,77.85145228215768,SBY,Salisbury Ocean City Wicomico Regional Airport,medium_airport,Salisbury,38.34049987792969,-75.51029968261719,late_aircraft_delay
SCC,2348.0,291.0,20211.0,0.12393526405451448,8.607751277683134,69.45360824742268,SCC,Deadhorse Airport,medium_airport,Deadhorse,70.19470215,-148.4649963,weather_delay
SCE,15234.0,2923.0,235122.0,0.19187344098726533,15.434029145332808,80.4385904892234,SCE,State College Regional Airport,medium_airport,State College,40.849374,-77.84852,late_aircraft_delay
SCK,2829.0,771.0,50282.0,0.2725344644750795,17.773771650759986,65.21660181582361,SCK,Stockton Metropolitan Airport,medium_airport,Stockton,37.893279,-121.238079,late_aircraft_delay
SDF,120400.0,24285.0,1678770.0,0.20170265780730898,13.94327242524917,69.1278567016677,SDF,Louisville Muhammad Ali International Airport,large_airport,Louisville,38.1706,-85.735076,late_aircraft_delay
SEA,878250.0,152227.0,8844024.0,0.17332991744947338,10.07005294619983,58.097604235779464,SEA,Seattle–Tacoma International Airport,large_airport,Seattle,47.447943,-122.310276,carrier_delay
SFB,46990.0,14691.0,1247695.0,0.31264098744413704,26.55235156416259,84.92920835885917,SFB,Orlando Sanford International Airport,large_airport,Orlando,28.774277,-81.234626,late_aircraft_delay
SFO,639965.0,140921.0,9363112.0,0.2202011047479159,14.630662614361723,66.44227616891733,SFO,San Francisco International Airport,large_airport,San Francisco,37.619806,-122.374821,carrier_delay
SGF,47776.0,9795.0,673061.0,0.20501925653047556,14.087847454789015,68.71475242470649,SGF,Springfield Branson National Airport,medium_airport,Springfield,37.245047,-93.388596,late_aircraft_delay
SGU,16447.0,2321.0,156023.0,0.14111996108712835,9.486410895604061,67.2223179663938,SGU,St George Regional Airport,medium_airport,St George,37.036389,-113.510306,carrier_delay
SHD,1307.0,243.0,28728.0,0.18592195868400918,21.98010711553175,118.22222222222223,SHD,Shenandoah Valley Regional Airport,medium_airport,Weyers Cave,38.263802,-78.8964,carrier_delay
SHR,3391.0,538.0,44824.0,0.1586552639339428,13.218519610734297,83.31598513011153,SHR,Sheridan County Airport,medium_airport,Sheridan,44.76919937133789,-106.9800033569336,carrier_delay
SHV,28592.0,5434.0,429090.0,0.19005316172355904,15.007344711807498,78.96393080603607,SHV,Shreveport Regional Airport,medium_airport,Shreveport,32.446602,-93.8256,carrier_delay
SIT,6596.0,1395.0,68553.0,0.2114918132201334,10.393117040630685,49.14193548387097,SIT,Sitka Rocky Gutierrez Airport,medium_airport,Sitka,57.04710006713867,-135.36199951171875,late_aircraft_delay
SJC,239794.0,42738.0,2227230.0,0.17822797901532147,9.288097283501672,52.11357574055875,SJC,Norman Y. Mineta San Jose International Airport,large_airport,San Jose,37.362452,-121.929188,late_aircraft_delay
SJT,6736.0,1025.0,70997.0,0.15216745843230403,10.539934679334916,69.26536585365854,SJT,San Angelo Regional Mathis Field,medium_airport,San Angelo,31.35770034790039,-100.49600219726562,carrier_delay
SLC,558601.0,81557.0,5858968.0,0.1460022448939404,10.48864574177275,71.83893473276359,SLC,Salt Lake City International Airport,large_airport,Salt Lake City,40.78886,-111.979866,carrier_delay
SLN,3826.0,811.0,78847.0,0.2119707266074229,20.608207004704653,97.22194821208384,SLN,Salina Municipal Airport,medium_airport,Salina,38.79100036621094,-97.6521987915039,carrier_delay
SMF,262097.0,50698.0,2777220.0,0.193432202581487,10.596153332544821,54.77967572685313,SMF,Sacramento International Airport,large_airport,Sacramento,38.6954,-121.591003,late_aircraft_delay
SMX,868.0,220.0,17520.0,0.2534562211981567,20.18433179723502,79.63636363636364,SMX,Santa Maria Public Airport Captain G Allan Hancock Field,medium_airport,Santa Maria,34.898899,-120.457001,carrier_delay
SNA,215960.0,39118.0,2026327.0,0.18113539544360066,9.382881089090573,51.80037322971522,SNA,John Wayne Orange County International Airport,large_airport,Santa Ana,33.675063,-117.869281,late_aircraft_delay
SPI,5041.0,951.0,77198.0,0.18865304503074787,15.314024995040667,81.17560462670873,SPI,Abraham Lincoln Capital Airport,medium_airport,Springfield,39.844101,-89.677902,late_aircraft_delay
SPS,4486.0,641.0,46894.0,0.14288898796255015,10.453410610789122,73.1575663026521,SPS,Wichita Falls Municipal Airport / Sheppard Air Force Base,medium_airport,Wichita Falls,33.9888,-98.491898,carrier_delay
SRQ,79202.0,17783.0,1138931.0,0.22452715840509077,14.380078785889244,64.04605522127875,SRQ,Sarasota Bradenton International Airport,large_airport,Sarasota/Bradenton,27.394631,-82.554359,late_aircraft_delay
STC,687.0,75.0,3499.0,0.1091703056768559,5.09315866084425,46.653333333333336,STC,Saint Cloud Regional Airport,medium_airport,Saint Cloud,45.5466,-94.059898,carrier_delay
STL,310321.0,60266.0,3671773.0,0.19420535510004158,11.832177003812182,60.926110908306505,STL,St. Louis Lambert International Airport,large_airport,St Louis,38.748697,-90.370003,late_aircraft_delay
STS,20745.0,3707.0,205556.0,0.1786936611231622,9.908700891781152,55.45076881575398,STS,Charles M. Schulz Sonoma County Airport,medium_airport,Santa Rosa,38.50899887,-122.8130035,late_aircraft_delay
SUN,10849.0,1251.0,76816.0,0.11531016683565305,7.080468245921283,61.40367705835332,SUN,Friedman Memorial Airport,medium_airport,Hailey,43.50439835,-114.2959976,carrier_delay
SUX,3693.0,735.0,69186.0,0.1990251827782291,18.734362307067425,94.13061224489796,SUX,Sioux Gateway Airport / Brigadier General Bud Day Field,medium_airport,Sioux City,42.397605,-96.382237,carrier_delay
SWF,3047.0,685.0,44143.0,0.22481128979323925,14.487364620938628,64.44233576642335,SWF,New York Stewart International Airport,medium_airport,Newburgh,41.50421,-74.108901,carrier_delay
SWO,3397.0,467.0,37369.0,0.13747424197821606,11.000588754783633,80.01927194860814,SWO,Stillwater Regional Airport,medium_airport,Stillwater,36.162132,-97.085581,carrier_delay
SYR,74418.0,15623.0,1065967.0,0.20993576822811685,14.324047945389557,68.2306215195545,SYR,Syracuse Hancock International Airport,large_airport,Syracuse,43.11119842529297,-76.1063003540039,late_aircraft_delay
TBN,631.0,59.0,5400.0,0.09350237717908082,8.55784469096672,91.52542372881356,TBN,Waynesville-St. Robert Regional Airport-Forney Field,medium_airport,Fort Leonard Wood,37.7416,-92.140701,carrier_delay
TLH,29049.0,5088.0,326967.0,0.17515232882371165,11.255705876278013,64.26238207547169,TLH,Tallahassee International Airport,medium_airport,Tallahassee,30.401209,-84.35433,late_aircraft_delay
TOL,3319.0,619.0,47058.0,0.1865019584212112,14.178366978005423,76.02261712439419,TOL,Eugene F. Kranz Toledo Express Airport,medium_airport,Toledo,41.5868,-83.8078,late_aircraft_delay
TPA,371314.0,85289.0,5652633.0,0.22969508286786924,15.223323117361586,66.27622553904959,TPA,Tampa International Airport,large_airport,Tampa,27.9755,-82.533203,late_aircraft_delay
TRI,19810.0,3002.0,205481.0,0.15153962645128724,10.372589601211509,68.44803464357095,TRI,Tri-Cities Regional TN/VA Airport,medium_airport,Blountville,36.475201,-82.407401,late_aircraft_delay
TTN,9225.0,2559.0,190646.0,0.27739837398373984,20.666233062330623,74.50019538882376,TTN,Trenton Mercer Airport,medium_airport,Ewing Township,40.276699,-74.813499,late_aircraft_delay
TUL,86204.0,18554.0,1196111.0,0.21523363185003017,13.875353811888079,64.46647623154037,TUL,Tulsa International Airport,large_airport,Tulsa,36.197084,-95.886225,late_aircraft_delay
TUS,87153.0,16894.0,1033525.0,0.19384301171502988,11.858742670935023,61.177045104770926,TUS,Tucson International Airport,large_airport,Tucson,32.115004,-110.938053,carrier_delay
TVC,26814.0,5429.0,384616.0,0.20246885955098082,14.343850227493101,70.84472278504329,TVC,Cherry Capital Airport,medium_airport,Traverse City,44.741402,-85.582199,carrier_delay
TWF,3399.0,291.0,25675.0,0.08561341571050309,7.553692262430126,88.23024054982818,TWF,Joslin Field Magic Valley Regional Airport,medium_airport,Twin Falls,42.4818,-114.487999,carrier_delay
TXK,4799.0,713.0,53072.0,0.1485726192956866,11.058970618878933,74.43478260869566,TXK,Texarkana Regional Airport (Webb Field),medium_airport,Texarkana,33.453701,-93.990997,carrier_delay
TYR,5807.0,898.0,64310.0,0.15464095057688995,11.074565179955226,71.61469933184856,TYR,Tyler Pounds Regional Airport,medium_airport,Tyler,32.35409927368164,-95.40239715576172,carrier_delay
TYS,88834.0,19197.0,1409763.0,0.216099691559538,15.869633248530969,73.43663072355055,TYS,McGhee Tyson Airport,large_airport,Knoxville/Maryville,35.811001,-83.994003,late_aircraft_delay
USA,4232.0,1193.0,83069.0,0.2818998109640832,19.628780718336483,69.6303436714166,USA,Concord-Padgett Regional Airport,medium_airport,Concord,35.387798,-80.709099,late_aircraft_delay
VCT,3032.0,395.0,59713.0,0.13027704485488126,19.694261213720317,151.17215189873417,VCT,Victoria Regional Airport,medium_airport,Victoria,28.85260009765625,-96.9185028076172,carrier_delay
VEL,1809.0,280.0,19976.0,0.15478164731896074,11.042564953012715,71.34285714285714,VEL,Vernal Regional Airport,medium_airport,Vernal,40.436214,-109.511661,carrier_delay
VLD,4730.0,695.0,66616.0,0.14693446088794926,14.083720930232559,95.85035971223022,VLD,Valdosta Regional Airport,medium_airport,Valdosta,30.782499313354492,-83.27670288085938,weather_delay
VPS,49975.0,10714.0,743147.0,0.2143871935967984,14.870375187593798,69.36223632630204,VPS,Destin-Fort Walton Beach Airport,medium_airport,Valparaiso,30.481315,-86.515839,late_aircraft_delay
WRG,3560.0,620.0,33687.0,0.17415730337078653,9.462640449438203,54.33387096774194,WRG,Wrangell Airport,medium_airport,Wrangell,56.48429871,-132.3699951,late_aircraft_delay
WYS,1706.0,201.0,12947.0,0.11781946072684643,7.589097303634232,64.41293532338308,WYS,Yellowstone Airport,medium_airport,West Yellowstone,44.6884,-111.117996,carrier_delay
XNA,67017.0,13029.0,884672.0,0.19441335780473612,13.200710267544055,67.90022258039757,XNA,Northwest Arkansas National Airport,medium_airport,Fayetteville/Springdale/Rogers,36.281898,-94.306801,late_aircraft_delay
XWA,8447.0,1562.0,132157.0,0.18491772226826092,15.645436249556056,84.60755441741357,XWA,Williston Basin International Airport,medium_airport,Williston,48.260863,-103.75116,carrier_delay
YAK,3560.0,572.0,27637.0,0.16067415730337078,7.763202247191011,48.31643356643357,YAK,Yakutat Airport,medium_airport,Yakutat,59.508717,-139.660435,late_aircraft_delay
YKM,3172.0,397.0,16491.0,0.12515762925598992,5.198928121059269,41.53904282115869,YKM,Yakima Air Terminal McAllister Field,medium_airport,Yakima,46.56819916,-120.5439987,late_aircraft_delay
YUM,8615.0,1299.0,96246.0,0.15078351712130006,11.17190946024376,74.09237875288683,YUM,Yuma International Airport / Marine Corps Air Station Yuma,medium_airport,Yuma,32.650938,-114.609375,carrier_delay
